{
  "metadata": {
    "total_images": 10,
    "timestamp": "2025-09-24 13:00:47",
    "comparison_date": 1758693647.4051492
  },
  "engines": {
    "easyocr": {
      "name": "EasyOCR (Gốc)",
      "icon": "🔵",
      "successful_runs": 10,
      "failed_runs": 0,
      "processing_times": [
        6.785875558853149,
        4.90600323677063,
        2.9517393112182617,
        7.7333691120147705,
        5.444303512573242,
        2.5929458141326904,
        2.306879758834839,
        5.728714942932129,
        3.175373077392578,
        3.23531174659729
      ],
      "word_counts": [
        8,
        5,
        6,
        14,
        11,
        5,
        9,
        9,
        4,
        6
      ],
      "confidences": [
        0.6859170666365844,
        0.6535332847686219,
        0.9209012351274173,
        0.8979296939344298,
        0.8182392963758821,
        0.6969185094045101,
        0.7132831158891978,
        0.6243376195835117,
        0.8240420677734331,
        0.596764860459521
      ],
      "total_words": 77,
      "total_time": 44.86051607131958,
      "avg_time": 4.486051607131958,
      "avg_words": 7.7,
      "avg_confidence": 0.7431866749953109,
      "success_rate": 1.0,
      "text_regions": [],
      "min_time": 2.306879758834839,
      "max_time": 7.7333691120147705,
      "min_words": 4,
      "max_words": 14,
      "min_confidence": 0.596764860459521,
      "max_confidence": 0.9209012351274173
    },
    "easyocr_preprocessed": {
      "name": "EasyOCR (Tiền xử lý)",
      "icon": "🔵",
      "successful_runs": 10,
      "failed_runs": 0,
      "processing_times": [
        4.935053110122681,
        4.575933933258057,
        2.6607351303100586,
        7.310622453689575,
        5.322784423828125,
        2.387399196624756,
        1.943603515625,
        4.77777361869812,
        2.8955068588256836,
        3.206738233566284
      ],
      "word_counts": [
        2,
        1,
        3,
        10,
        3,
        1,
        2,
        1,
        3,
        5
      ],
      "confidences": [
        0.9324750770957597,
        0.5996658183974294,
        0.5139202882529047,
        0.7867204867743942,
        0.6601596858464358,
        0.7662163616546603,
        0.5492827805100254,
        0.8160701053824383,
        0.7121593649871785,
        0.5197755383905169
      ],
      "total_words": 31,
      "total_time": 40.01615047454834,
      "avg_time": 4.001615047454834,
      "avg_words": 3.1,
      "avg_confidence": 0.6856445507291743,
      "success_rate": 1.0,
      "text_regions": [],
      "min_time": 1.943603515625,
      "max_time": 7.310622453689575,
      "min_words": 1,
      "max_words": 10,
      "min_confidence": 0.5139202882529047,
      "max_confidence": 0.9324750770957597
    },
    "doctr": {
      "name": "DocTR (Gốc)",
      "icon": "🔴",
      "successful_runs": 10,
      "failed_runs": 0,
      "processing_times": [
        3.583124876022339,
        2.6011691093444824,
        2.9987850189208984,
        2.7441084384918213,
        2.7917487621307373,
        2.7583250999450684,
        3.223724365234375,
        3.133143424987793,
        2.5546822547912598,
        2.900341510772705
      ],
      "word_counts": [
        55,
        20,
        29,
        24,
        25,
        26,
        40,
        36,
        19,
        31
      ],
      "confidences": [
        0.8102248842065984,
        0.7913624674081803,
        0.7610953635182874,
        0.8593057319521904,
        0.7070783340930938,
        0.7622275329553164,
        0.8924441948533058,
        0.814091312388579,
        0.8414275567782553,
        0.8209346994276969
      ],
      "total_words": 305,
      "total_time": 29.28915286064148,
      "avg_time": 2.928915286064148,
      "avg_words": 30.5,
      "avg_confidence": 0.8060192077581504,
      "success_rate": 1.0,
      "text_regions": [],
      "min_time": 2.5546822547912598,
      "max_time": 3.583124876022339,
      "min_words": 19,
      "max_words": 55,
      "min_confidence": 0.7070783340930938,
      "max_confidence": 0.8924441948533058
    },
    "doctr_preprocessed": {
      "name": "DocTR (Tiền xử lý)",
      "icon": "🔴",
      "successful_runs": 10,
      "failed_runs": 0,
      "processing_times": [
        2.5661096572875977,
        2.341884136199951,
        2.788095712661743,
        2.8824989795684814,
        2.4382288455963135,
        2.3815739154815674,
        3.2087459564208984,
        2.262368679046631,
        2.4869461059570312,
        2.758251190185547
      ],
      "word_counts": [
        14,
        11,
        30,
        19,
        9,
        11,
        37,
        5,
        14,
        27
      ],
      "confidences": [
        0.815032599227769,
        0.7267723218961195,
        0.778861794869105,
        0.836449572914525,
        0.8108557495805953,
        0.5714654461904005,
        0.6786504991956659,
        0.7891974329948426,
        0.7198856770992279,
        0.7985063371834932
      ],
      "total_words": 177,
      "total_time": 26.11470317840576,
      "avg_time": 2.6114703178405763,
      "avg_words": 17.7,
      "avg_confidence": 0.7525677431151744,
      "success_rate": 1.0,
      "text_regions": [],
      "min_time": 2.262368679046631,
      "max_time": 3.2087459564208984,
      "min_words": 5,
      "max_words": 37,
      "min_confidence": 0.5714654461904005,
      "max_confidence": 0.836449572914525
    },
    "pytesseract": {
      "name": "Pytesseract (Gốc)",
      "icon": "🟡",
      "successful_runs": 10,
      "failed_runs": 0,
      "processing_times": [
        1.0044982433319092,
        0.9864294528961182,
        0.6827614307403564,
        1.0870261192321777,
        1.2269361019134521,
        0.9364995956420898,
        0.6569695472717285,
        0.9359495639801025,
        0.8314125537872314,
        0.7506606578826904
      ],
      "word_counts": [
        9,
        14,
        6,
        18,
        22,
        11,
        21,
        11,
        3,
        21
      ],
      "confidences": [
        0.94,
        0.6207142857142857,
        0.7283333333333334,
        0.6355555555555555,
        0.48727272727272736,
        0.5436363636363636,
        0.7352380952380952,
        0.8145454545454546,
        0.7666666666666667,
        0.6747619047619049
      ],
      "total_words": 136,
      "total_time": 9.099143266677856,
      "avg_time": 0.9099143266677856,
      "avg_words": 13.6,
      "avg_confidence": 0.6946724386724387,
      "success_rate": 1.0,
      "text_regions": [],
      "min_time": 0.6569695472717285,
      "max_time": 1.2269361019134521,
      "min_words": 3,
      "max_words": 22,
      "min_confidence": 0.48727272727272736,
      "max_confidence": 0.94
    },
    "pytesseract_preprocessed": {
      "name": "Pytesseract (Tiền xử lý)",
      "icon": "🟡",
      "successful_runs": 10,
      "failed_runs": 0,
      "processing_times": [
        0.5313446521759033,
        0.5070514678955078,
        0.4498310089111328,
        0.8772571086883545,
        0.8382294178009033,
        0.7811083793640137,
        0.5743789672851562,
        0.4449782371520996,
        0.4329690933227539,
        0.4402287006378174
      ],
      "word_counts": [
        8,
        3,
        2,
        30,
        24,
        29,
        21,
        1,
        5,
        0
      ],
      "confidences": [
        0.7687499999999999,
        0.6,
        0.8300000000000001,
        0.5869999999999999,
        0.4791666666666667,
        0.5172413793103449,
        0.6161904761904762,
        0.49,
        0.724
      ],
      "total_words": 123,
      "total_time": 5.877377033233643,
      "avg_time": 0.5877377033233643,
      "avg_words": 12.3,
      "avg_confidence": 0.623594280240832,
      "success_rate": 1.0,
      "text_regions": [],
      "min_time": 0.4329690933227539,
      "max_time": 0.8772571086883545,
      "min_words": 0,
      "max_words": 30,